id;title;content;date
1;unnaturally manner intermarry;../fake-data/blob/hipster.txt;2024-12-18T15:35:13
2;cheerful;../fake-data/blob/hipster.txt;2024-12-18T04:40:33
3;prickly ingratiate round;../fake-data/blob/hipster.txt;2024-12-17T23:38:06
4;fumigate ick;../fake-data/blob/hipster.txt;2024-12-18T04:04:05
5;navigate underneath;../fake-data/blob/hipster.txt;2024-12-18T13:28:22
6;euphonium by;../fake-data/blob/hipster.txt;2024-12-18T06:58:43
7;drag;../fake-data/blob/hipster.txt;2024-12-18T06:59:03
8;colonialism fat;../fake-data/blob/hipster.txt;2024-12-18T01:01:18
9;barring;../fake-data/blob/hipster.txt;2024-12-18T14:37:33
10;lively;../fake-data/blob/hipster.txt;2024-12-18T17:33:21
